Mutation,Mean_Displacement,Max_Displacement,Max_Residue,Residues_Above_5A,Residues_Above_10A
Q375H,25.4549,134.3561,392,382,330
N247D,22.3831,123.4064,393,369,302
T253I,18.5512,120.2325,393,393,256
P85S,28.7576,119.9061,1,393,390
V143A,28.8053,119.164,1,393,377
S241F,31.369,118.9661,393,389,362
P34L,24.8494,118.1909,393,380,324
C176F,19.5243,114.2793,1,352,187
R249S,26.2434,114.0848,392,386,331
R273C,23.7743,111.6015,1,380,330
Y220N,23.1712,109.9683,1,367,315
R196Q,25.6807,108.1983,383,381,336
E285K,26.4971,106.235,393,393,368
R282W,24.7036,106.1541,1,388,358
C176S,28.0441,105.2436,1,390,330
P72R,30.255,103.8021,1,393,367
R175G,24.5765,99.737,391,383,339
R273L,24.4672,98.8411,1,377,324
T125M,19.0224,98.683,1,358,180
R248W,25.6773,98.4201,1,377,292
E326N,30.23,95.5595,1,393,363
K319T,22.5343,95.4796,393,365,309
P250L,27.0225,93.9755,1,393,334
R249G,29.3163,93.9354,1,382,348
R156H,27.8288,93.1909,1,391,389
W23R,30.3933,91.897,1,392,366
D281E,30.7273,91.2037,1,387,375
P152L,21.6423,91.1161,393,372,323
Q5T,23.3519,90.5938,393,378,333
F54S,20.7641,90.4993,379,383,191
P36G,15.513,90.208,393,364,264
F270L,28.0609,89.3195,1,390,346
I195T,26.6831,88.3443,380,383,346
P278S,30.8965,88.0917,38,393,388
S366A,26.0981,87.1504,380,386,329
F341K,30.6307,86.2546,38,392,376
V272M,23.6789,86.01,375,376,337
H179R,24.7379,85.8348,38,391,377
G302R,24.8075,85.2721,38,392,385
E56D,27.2044,83.1058,393,388,322
F113N,27.5584,83.0727,38,389,378
D21N,28.52,82.7225,1,393,393
W91L,28.1242,82.3927,41,393,386
P71V,15.255,82.3904,393,350,198
T155I,28.0508,81.7572,41,393,372
R158H,28.3399,81.3777,38,391,386
R175H,26.6426,81.1783,41,389,382
C141Y,27.4014,80.5191,38,393,376
N29S,27.734,80.5051,41,391,378
Y220C,16.7283,80.2296,393,351,226
R280T,32.3133,79.9135,17,390,383
R306P,27.7912,79.7592,38,389,380
R337H,28.0587,79.3614,41,393,379
Y220S,25.752,79.2522,38,382,331
D281G,27.5468,79.163,41,392,385
R248L,18.2463,78.5527,393,375,319
C135Y,14.3483,77.9822,393,310,179
K372S,28.1658,77.615,36,393,393
S166L,28.6331,77.5769,38,393,381
S313R,28.7152,77.4614,36,393,358
G108L,21.1284,77.1628,393,372,314
C242S,22.0246,76.6807,38,392,331
A159V,28.8256,76.6195,38,391,387
H380R,26.1906,76.5781,38,391,375
G245S,27.6156,76.5241,1,393,380
R110P,26.0431,76.4237,1,391,326
L25V,24.9802,76.1242,381,382,338
E294G,12.0373,76.0222,393,268,117
H179Q,27.7275,75.6934,41,392,386
S46E,28.5121,74.9896,24,391,379
R158L,28.1418,74.4303,38,392,380
G266V,21.7823,74.4253,390,357,285
R342P,30.7337,74.4166,38,393,365
K382R,26.9337,74.396,24,389,377
R267W,27.289,74.3572,375,393,376
L194R,28.0744,74.2709,38,392,379
M40N,21.3794,74.2536,378,356,289
R280K,18.9739,74.1967,393,351,268
Y234C,27.8148,73.8516,38,383,335
A276V,24.3219,73.7618,48,391,361
K164E,30.027,73.2687,1,392,360
N210S,28.1853,73.0408,38,391,366
R282Q,27.1045,72.7919,38,393,372
G245D,28.4099,72.6702,373,392,370
E286K,19.7803,71.8381,373,392,300
R175C,21.0416,71.5208,377,363,306
I251F,20.9713,71.4346,380,379,260
E221K,28.1092,70.8251,38,393,389
N345S,29.7199,70.2155,36,393,377
E258K,25.1031,69.6723,48,393,389
P278R,13.2649,68.9682,393,310,177
R248G,26.6163,67.9745,24,393,372
H193R,17.5329,67.7954,381,350,253
V157F,28.7963,67.5769,24,393,392
N239D,17.6584,65.9711,375,352,268
G187T,15.5447,65.4909,379,352,223
L22F,26.1149,65.4145,38,393,388
V217M,19.5441,64.75,336,358,265
D393E,32.4966,64.5182,1,387,371
Y163C,15.8543,64.0474,393,334,218
C238Y,17.6585,63.8522,336,345,191
C176R,28.4743,63.7124,36,393,388
G244C,13.7789,62.7846,393,291,143
T387V,13.5402,62.5983,383,335,193
Y126D,18.3492,62.2101,391,354,278
E352D,13.8234,60.2311,393,325,191
V31I,27.7564,59.4764,41,391,373
Q331R,25.7145,58.7513,31,393,380
S240N,20.6536,57.938,1,375,327
R248Q,18.6064,56.1675,305,371,277
P47S,15.6816,55.8668,377,282,153
S378Q,20.4396,55.7787,60,384,325
A189V,14.4449,54.9211,376,332,165
L344R,18.015,54.6317,359,349,243
R249T,13.3885,54.2777,393,318,222
W146C,17.9674,53.7539,373,368,309
L130F,14.5349,53.475,56,356,174
R273H,17.4253,52.9083,379,357,285
D49R,26.9638,52.6055,36,390,372
K292R,21.0555,52.4321,387,376,316
L14V,14.9122,50.1984,393,359,273
M237I,16.012,48.3112,373,346,244
K132R,12.6535,46.7445,390,214,145
C242F,10.592,41.2276,393,286,149
E339D,12.1249,39.6761,392,317,180
V173L,15.8644,35.8944,56,364,304
A138V,11.7,33.7593,393,332,149
R213Q,6.3231,29.1086,1,180,64
