Mutation,RMSD,Severity,Criterion,PC1,PC2,PC3,Cluster
S241F,37.8149,Critical,D,-119.3378,-318.4944,7.6895,3
P72R,37.0815,Critical,B,204.7794,-104.19,137.6538,2
P278S,36.5299,Critical,Phase1,206.5462,-11.8705,-141.5539,1
W23R,36.4377,Critical,C,194.2185,-150.4067,66.1378,2
R342P,36.0602,Critical,C,204.8227,-99.5202,93.1809,2
V143A,35.4997,Critical,E,227.122,-91.3058,144.0515,2
R249G,35.1811,Critical,A,-90.3529,-259.7646,37.0036,3
R249S,34.2997,Critical,Phase1,-195.8067,-191.0335,-150.9574,3
G245S,33.4872,Critical,Phase1,203.0608,-25.3075,38.5231,2
R158H,33.4055,Critical,Phase1,210.404,19.5997,-54.6525,1
N345S,33.1697,Critical,C,178.4555,39.587,-110.9216,1
R337H,32.9437,Critical,B,222.4908,78.6933,-74.7656,1
E285K,32.9137,Critical,F,-161.2168,-200.8323,-10.1824,3
L194R,32.8773,Critical,F,172.3317,18.9921,-99.5712,1
D281G,32.7702,Critical,D,201.3006,25.4121,-55.4462,1
R248W,32.6174,Critical,Phase1,141.4263,-66.3047,143.7079,2
I195T,32.5522,Critical,E,-158.9741,-163.6576,-89.2359,3
V157F,32.2828,Critical,Phase1,157.8513,23.2622,-66.8911,1
R158L,32.2115,Critical,Phase1,178.979,62.7853,-114.2008,1
G245D,32.198,Critical,A,121.0341,78.7186,-190.6479,1
R175G,32.1425,Critical,A,-252.4302,-140.1991,-131.7195,3
Y220S,32.0651,Critical,A,197.0156,3.2147,43.4248,2
R175H,31.8538,Critical,Phase1,199.5505,63.9835,-73.0985,1
K382R,31.7023,Critical,C,200.0934,54.7435,-56.0031,1
R282Q,31.5187,Critical,A,174.3929,39.6706,-55.1823,1
H179R,31.2106,Critical,Phase1,222.9935,89.8136,1.8357,1
N247D,30.7411,Critical,F,-275.6046,-147.4996,-57.162,3
R273L,30.1157,Critical,Phase1,81.8582,-56.5485,107.1651,2
L22F,29.3793,Severe,C,128.9026,47.9836,-48.916,1
R273C,29.3747,Severe,Phase1,50.244,-65.464,162.3939,2
R282W,28.8514,Severe,Phase1,67.6238,24.7172,52.6365,4
V272M,28.2678,Severe,D,-154.973,-14.4679,-128.2757,5
C176F,27.554,Severe,Phase1,-58.2228,-20.9544,199.8944,4
T125M,26.5572,Severe,F,-56.3594,33.1686,140.5234,4
R175C,25.8032,Severe,A,-164.0263,-0.8847,-59.0042,5
R280K,24.7245,Severe,D,-193.7382,13.3062,-2.1446,5
H193R,22.7217,Severe,Phase1,-216.3037,42.1832,-28.7358,5
L344R,22.5967,Severe,C,-136.925,19.8845,49.9725,5
R248Q,22.192,Severe,Phase1,-126.9055,53.7076,-4.6837,5
Y220C,22.1159,Severe,Phase1,-75.3353,66.4235,97.5224,4
P47S,22.0739,Severe,B,-123.5672,118.8387,39.8174,5
N239D,22.0229,Severe,F,-178.0903,75.7738,-51.3935,5
R248L,21.5996,Severe,A,-95.0849,59.7611,49.0343,4
R273H,20.9865,Severe,Phase1,-149.2238,63.2202,53.4785,5
C135Y,20.5619,Severe,Phase1,-271.0566,68.8793,4.0901,5
M237I,19.7161,Moderate,Phase1,-198.3001,91.3911,-20.1088,5
A189V,18.9269,Moderate,B,-147.062,125.944,23.8377,5
K132R,17.7668,Moderate,B,-186.8956,164.7839,14.9788,5
A138V,14.2027,Moderate,E,-177.0968,191.2564,43.2294,5
R213Q,8.2168,Stable,Phase1,-184.6081,269.0069,123.6711,5
